tool,selected for manual,Wrongly detected,Precision,Ground-truth,Ignored ground-truth cases,Not detected ground-truth,Recall,#patterns,#actions,#entities,max #entities in an action,max #entities in a pattern,max #actions in a pattern,total #unique entity types,total #unique action types,filter line of code (not accurate),#Commits checked for all tools,#Instances,#Unique instances (only instance of this tool),Ratio of instances,#Commits checked for this tool,#instances,Ratio of instances,Total time,AVG time (second)
Arja,30,1,0.966666667,184,56,11,0.9140625,3,4,5,2,2,2,2,2,406,49641,400,39,0.008057855,90987,789,0.008671568,69613,0.76508732
Cardumen,30,5,0.833333333,285,161,7,0.943548387,5,6,6,1,2,2,1,4,306,49641,265,106,0.005338329,132678,897,0.006760729,44223,0.333310722
Elixir,30,9,0.7,41,4,6,0.837837838,12,17,28,4,4,3,11,6,351,49641,477,202,0.009608993,51212,505,0.00986097,88326,1.724712958
JGenProg,30,6,0.8,154,38,14,0.879310345,2,2,3,2,2,1,1,1,200,49641,296,3,0.005962813,87546,573,0.006545131,68035,0.777134307
JKali,30,1,0.966666667,53,0,6,0.886792453,4,4,4,1,1,1,4,2,86,49641,188,9,0.003787192,136644,550,0.004025058,39877,0.291831328
JMutRepair,30,9,0.7,52,0,0,1,2,4,6,4,4,3,4,3,82,49641,24,4,0.000483471,95357,55,0.00057678,66384,0.696162841
Nopol,30,12,0.6,103,0,2,0.980582524,4,6,10,3,3,2,4,4,339,49641,64,206,0.001289257,62544,267,0.004268995,83853,1.340704144
NPEfix,30,18,0.4,193,83,0,1,4,9,20,5,5,3,8,2,364,49641,50,30,0.001007232,119302,133,0.001114818,52297,0.438358116
SUM,240,61,0.745833333,1065,342,46,0.93637621,36,52,82,22,23,17,,,2134,49641,1002,,0.020184928,776270,3769,0.004855269,512608,0.660347559
